unique_key,created_date,closed_date,complaint_type,status,resolution_time_hours,resolution_time_days,is_valid_closed,exact_dup_group_size,is_exact_duplicate,is_excess_duplicate_row,breaches_30day_threshold,created_day,created_dayofweek
60743072,2024-04-01 10:59:01,2024-04-25 10:03:56,PAINT/PLASTER,Closed,575.08,23.96,True,1,False,False,False,2024-04-01,Monday
60740773,2024-04-01 10:59:01,2024-04-25 10:03:56,UNSANITARY CONDITION,Closed,575.08,23.96,True,1,False,False,False,2024-04-01,Monday
60746577,2024-04-01 10:59:01,2024-04-03 15:40:06,PLUMBING,Closed,52.68,2.19,True,1,False,False,False,2024-04-01,Monday
60740764,2024-04-01 10:58:58,2024-04-11 09:28:43,UNSANITARY CONDITION,Closed,238.5,9.94,True,3,True,False,False,2024-04-01,Monday
60744315,2024-04-01 10:58:58,2024-04-11 09:28:43,UNSANITARY CONDITION,Closed,238.5,9.94,True,3,True,True,False,2024-04-01,Monday
60748815,2024-04-01 10:58:58,2024-04-11 09:28:43,FLOORING/STAIRS,Closed,238.5,9.94,True,1,False,False,False,2024-04-01,Monday
60747826,2024-04-01 10:58:58,2024-04-11 09:28:43,UNSANITARY CONDITION,Closed,238.5,9.94,True,3,True,True,False,2024-04-01,Monday
60745457,2024-04-01 10:58:44,2024-04-10 11:48:32,UNSANITARY CONDITION,Closed,216.83,9.03,True,2,True,False,False,2024-04-01,Monday
60746645,2024-04-01 10:58:44,2024-04-10 11:48:32,UNSANITARY CONDITION,Closed,216.83,9.03,True,2,True,True,False,2024-04-01,Monday
60747743,2024-04-01 10:58:44,2024-04-10 11:48:32,PAINT/PLASTER,Closed,216.83,9.03,True,1,False,False,False,2024-04-01,Monday
60740685,2024-04-01 10:58:35,2024-04-01 23:26:53,HEAT/HOT WATER,Closed,12.47,0.52,True,1,False,False,False,2024-04-01,Monday
60741843,2024-04-01 10:58:29,2024-04-01 17:23:27,HEAT/HOT WATER,Closed,6.42,0.27,True,1,False,False,False,2024-04-01,Monday
60747636,2024-04-01 10:58:27,2024-04-05 15:10:38,FLOORING/STAIRS,Closed,100.2,4.18,True,1,False,False,False,2024-04-01,Monday
60744392,2024-04-01 10:58:23,2024-04-11 14:02:39,GENERAL,Closed,243.07,10.13,True,1,False,False,False,2024-04-01,Monday
60744165,2024-04-01 10:58:22,2024-04-03 19:59:24,HEAT/HOT WATER,Closed,57.02,2.38,True,1,False,False,False,2024-04-01,Monday
60744294,2024-04-01 10:55:59,2024-04-05 13:51:17,UNSANITARY CONDITION,Closed,98.92,4.12,True,1,False,False,False,2024-04-01,Monday
60747619,2024-04-01 10:55:59,2024-04-05 13:51:17,DOOR/WINDOW,Closed,98.92,4.12,True,1,False,False,False,2024-04-01,Monday
60747630,2024-04-01 10:55:59,2024-04-05 13:51:17,ELECTRIC,Closed,98.92,4.12,True,1,False,False,False,2024-04-01,Monday
60743054,2024-04-01 10:55:14,2024-04-03 14:39:13,HEAT/HOT WATER,Closed,51.73,2.16,True,1,False,False,False,2024-04-01,Monday
60742917,2024-04-01 10:55:14,2024-04-16 20:00:32,DOOR/WINDOW,Closed,369.09,15.38,True,1,False,False,False,2024-04-01,Monday
60746608,2024-04-01 10:55:01,2024-04-11 14:02:39,UNSANITARY CONDITION,Closed,243.13,10.13,True,1,False,False,False,2024-04-01,Monday
60744238,2024-04-01 10:54:10,2024-04-02 17:25:24,HEAT/HOT WATER,Closed,30.52,1.27,True,1,False,False,False,2024-04-01,Monday
60742993,2024-04-01 10:52:38,2024-04-01 14:34:57,HEAT/HOT WATER,Closed,3.71,0.15,True,1,False,False,False,2024-04-01,Monday
60741882,2024-04-01 10:52:25,2024-04-17 17:06:21,PAINT/PLASTER,Closed,390.23,16.26,True,2,True,False,False,2024-04-01,Monday
60741993,2024-04-01 10:52:25,2024-04-17 17:06:21,WATER LEAK,Closed,390.23,16.26,True,1,False,False,False,2024-04-01,Monday
60743108,2024-04-01 10:52:25,2024-04-17 17:06:21,UNSANITARY CONDITION,Closed,390.23,16.26,True,3,True,False,False,2024-04-01,Monday
60741900,2024-04-01 10:52:25,2024-04-17 17:06:21,PAINT/PLASTER,Closed,390.23,16.26,True,2,True,True,False,2024-04-01,Monday
60742930,2024-04-01 10:52:25,2024-04-17 17:06:21,DOOR/WINDOW,Closed,390.23,16.26,True,2,True,False,False,2024-04-01,Monday
60742918,2024-04-01 10:52:25,2024-04-17 17:06:21,DOOR/WINDOW,Closed,390.23,16.26,True,2,True,True,False,2024-04-01,Monday
60747638,2024-04-01 10:52:25,2024-04-17 17:06:21,GENERAL,Closed,390.23,16.26,True,1,False,False,False,2024-04-01,Monday
60747810,2024-04-01 10:52:25,2024-04-17 17:06:21,UNSANITARY CONDITION,Closed,390.23,16.26,True,3,True,True,False,2024-04-01,Monday
60748990,2024-04-01 10:52:25,2024-04-17 17:06:21,UNSANITARY CONDITION,Closed,390.23,16.26,True,3,True,True,False,2024-04-01,Monday
60745442,2024-04-01 10:49:00,2024-04-14 05:03:19,SAFETY,Closed,306.24,12.76,True,1,False,False,False,2024-04-01,Monday
60741931,2024-04-01 10:48:59,2024-04-14 05:03:19,SAFETY,Closed,306.24,12.76,True,1,False,False,False,2024-04-01,Monday
60745438,2024-04-01 10:48:54,2024-04-08 18:01:13,PLUMBING,Closed,175.21,7.3,True,1,False,False,False,2024-04-01,Monday
60743112,2024-04-01 10:48:54,2024-04-08 18:01:13,UNSANITARY CONDITION,Closed,175.21,7.3,True,1,False,False,False,2024-04-01,Monday
60742940,2024-04-01 10:48:49,2024-06-18 16:51:56,ELECTRIC,Closed,1878.05,78.25,True,1,False,False,True,2024-04-01,Monday
60740806,2024-04-01 10:48:47,2024-04-09 18:22:39,WATER LEAK,Closed,199.56,8.32,True,1,False,False,False,2024-04-01,Monday
60740718,2024-04-01 10:48:47,2024-04-09 18:22:39,PAINT/PLASTER,Closed,199.56,8.32,True,1,False,False,False,2024-04-01,Monday
60745279,2024-04-01 10:48:47,2024-04-09 18:22:39,DOOR/WINDOW,Closed,199.56,8.32,True,1,False,False,False,2024-04-01,Monday
60744302,2024-04-01 10:48:47,2024-04-09 18:22:39,UNSANITARY CONDITION,Closed,199.56,8.32,True,1,False,False,False,2024-04-01,Monday
60740761,2024-04-01 10:47:16,2024-04-11 15:51:09,UNSANITARY CONDITION,Closed,245.06,10.21,True,1,False,False,False,2024-04-01,Monday
60742958,2024-04-01 10:46:33,2024-06-24 07:10:05,GENERAL,Closed,2012.39,83.85,True,1,False,False,True,2024-04-01,Monday
60741854,2024-04-01 10:46:33,2024-04-03 13:07:17,HEAT/HOT WATER,Closed,50.35,2.1,True,1,False,False,False,2024-04-01,Monday
60740695,2024-04-01 10:46:32,2024-04-08 11:24:30,OUTSIDE BUILDING,Closed,168.63,7.03,True,1,False,False,False,2024-04-01,Monday
60741803,2024-04-01 10:46:29,2024-04-04 07:08:00,HEAT/HOT WATER,Closed,68.36,2.85,True,1,False,False,False,2024-04-01,Monday
60747614,2024-04-01 10:46:18,2024-04-04 21:58:18,DOOR/WINDOW,Closed,83.2,3.47,True,1,False,False,False,2024-04-01,Monday
60748873,2024-04-01 10:46:05,2024-04-04 19:43:42,HEAT/HOT WATER,Closed,80.96,3.37,True,1,False,False,False,2024-04-01,Monday
60745359,2024-04-01 10:45:48,2024-04-03 16:33:45,HEAT/HOT WATER,Closed,53.8,2.24,True,1,False,False,False,2024-04-01,Monday
60749030,2024-04-01 10:43:29,2024-04-22 08:06:41,WATER LEAK,Closed,501.39,20.89,True,1,False,False,False,2024-04-01,Monday
60740623,2024-04-01 10:42:59,2024-04-03 19:46:51,HEAT/HOT WATER,Closed,57.06,2.38,True,1,False,False,False,2024-04-01,Monday
60748826,2024-04-01 10:42:58,2024-04-09 20:04:10,GENERAL,Closed,201.35,8.39,True,1,False,False,False,2024-04-01,Monday
60748998,2024-04-01 10:42:58,2024-04-09 20:04:09,UNSANITARY CONDITION,Closed,201.35,8.39,True,1,False,False,False,2024-04-01,Monday
60746513,2024-04-01 10:42:46,2024-04-02 22:33:25,HEAT/HOT WATER,Closed,35.84,1.49,True,1,False,False,False,2024-04-01,Monday
60745478,2024-04-01 10:40:09,2024-04-25 17:09:31,UNSANITARY CONDITION,Closed,582.49,24.27,True,2,True,False,False,2024-04-01,Monday
60744107,2024-04-01 10:40:09,2024-04-25 17:09:31,DOOR/WINDOW,Closed,582.49,24.27,True,1,False,False,False,2024-04-01,Monday
60747824,2024-04-01 10:40:09,2024-04-25 17:09:31,UNSANITARY CONDITION,Closed,582.49,24.27,True,2,True,True,False,2024-04-01,Monday
60746464,2024-04-01 10:40:09,2024-04-25 17:09:31,FLOORING/STAIRS,Closed,582.49,24.27,True,1,False,False,False,2024-04-01,Monday
60748799,2024-04-01 10:39:56,2024-04-08 08:43:31,ELECTRIC,Closed,166.06,6.92,True,1,False,False,False,2024-04-01,Monday
60742963,2024-04-01 10:39:53,2024-04-02 12:27:16,GENERAL,Closed,25.79,1.07,True,1,False,False,False,2024-04-01,Monday
60743040,2024-04-01 10:39:53,2024-04-02 12:27:16,HEAT/HOT WATER,Closed,25.79,1.07,True,1,False,False,False,2024-04-01,Monday
60748847,2024-04-01 10:37:27,2024-04-03 23:32:55,HEAT/HOT WATER,Closed,60.92,2.54,True,1,False,False,False,2024-04-01,Monday
60743019,2024-04-01 10:37:13,2024-04-02 19:53:31,HEAT/HOT WATER,Closed,33.27,1.39,True,1,False,False,False,2024-04-01,Monday
60743035,2024-04-01 10:37:04,2024-04-01 17:23:27,HEAT/HOT WATER,Closed,6.77,0.28,True,1,False,False,False,2024-04-01,Monday
60740632,2024-04-01 10:36:53,2024-04-03 17:52:19,HEAT/HOT WATER,Closed,55.26,2.3,True,1,False,False,False,2024-04-01,Monday
60748792,2024-04-01 10:36:52,2024-04-15 16:03:49,DOOR/WINDOW,Closed,341.45,14.23,True,1,False,False,False,2024-04-01,Monday
60740779,2024-04-01 10:36:51,2024-04-15 16:03:49,UNSANITARY CONDITION,Closed,341.45,14.23,True,1,False,False,False,2024-04-01,Monday
60746603,2024-04-01 10:36:45,2024-06-19 18:10:33,UNSANITARY CONDITION,Closed,1903.56,79.32,True,1,False,False,True,2024-04-01,Monday
60748838,2024-04-01 10:36:41,2024-04-04 10:44:50,HEAT/HOT WATER,Closed,72.14,3.01,True,1,False,False,False,2024-04-01,Monday
60740737,2024-04-01 10:36:40,2024-04-15 09:20:44,PLUMBING,Closed,334.73,13.95,True,1,False,False,False,2024-04-01,Monday
60741740,2024-04-01 10:36:40,2024-04-15 09:20:44,DOOR/WINDOW,Closed,334.73,13.95,True,1,False,False,False,2024-04-01,Monday
60742979,2024-04-01 10:36:40,2024-04-04 17:56:23,HEAT/HOT WATER,Closed,79.33,3.31,True,1,False,False,False,2024-04-01,Monday
60742943,2024-04-01 10:33:46,2024-04-29 07:42:32,ELECTRIC,Closed,669.15,27.88,True,2,True,False,False,2024-04-01,Monday
60748939,2024-04-01 10:33:46,2024-04-29 07:42:32,PAINT/PLASTER,Closed,669.15,27.88,True,1,False,False,False,2024-04-01,Monday
60742929,2024-04-01 10:33:46,2024-04-29 07:42:32,DOOR/WINDOW,Closed,669.15,27.88,True,2,True,False,False,2024-04-01,Monday
60746691,2024-04-01 10:33:46,2024-04-29 07:42:32,DOOR/WINDOW,Closed,669.15,27.88,True,2,True,True,False,2024-04-01,Monday
60748807,2024-04-01 10:33:46,2024-04-29 07:42:32,ELECTRIC,Closed,669.15,27.88,True,2,True,True,False,2024-04-01,Monday
60747646,2024-04-01 10:33:37,2024-06-14 08:58:38,GENERAL,Closed,1774.42,73.93,True,1,False,False,True,2024-04-01,Monday
60746605,2024-04-01 10:30:56,2024-07-03 20:25:16,UNSANITARY CONDITION,Closed,2241.91,93.41,True,1,False,False,True,2024-04-01,Monday
60742013,2024-04-01 10:30:38,2024-04-15 09:20:54,DOOR/WINDOW,Closed,334.84,13.95,True,1,False,False,False,2024-04-01,Monday
60742951,2024-04-01 10:30:38,2024-04-15 09:20:54,FLOORING/STAIRS,Closed,334.84,13.95,True,1,False,False,False,2024-04-01,Monday
60746640,2024-04-01 10:30:38,2024-04-15 09:20:54,UNSANITARY CONDITION,Closed,334.84,13.95,True,1,False,False,False,2024-04-01,Monday
60748951,2024-04-01 10:30:38,2024-04-15 09:20:54,PAINT/PLASTER,Closed,334.84,13.95,True,1,False,False,False,2024-04-01,Monday
60745515,2024-04-01 10:30:34,2024-04-01 20:32:33,ELECTRIC,Closed,10.03,0.42,True,1,False,False,False,2024-04-01,Monday
60746654,2024-04-01 10:27:43,2024-04-02 19:35:34,UNSANITARY CONDITION,Closed,33.13,1.38,True,1,False,False,False,2024-04-01,Monday
60746638,2024-04-01 10:27:43,2024-04-02 19:35:36,UNSANITARY CONDITION,Closed,33.13,1.38,True,1,False,False,False,2024-04-01,Monday
60746612,2024-04-01 10:27:43,2024-04-02 19:35:35,UNSANITARY CONDITION,Closed,33.13,1.38,True,1,False,False,False,2024-04-01,Monday
60749015,2024-04-01 10:27:42,2024-06-19 18:10:33,UNSANITARY CONDITION,Closed,1903.71,79.32,True,1,False,False,True,2024-04-01,Monday
60741842,2024-04-01 10:27:41,2024-04-01 20:46:44,HEAT/HOT WATER,Closed,10.32,0.43,True,1,False,False,False,2024-04-01,Monday
60747781,2024-04-01 10:27:40,2024-04-15 09:20:51,PLUMBING,Closed,334.89,13.95,True,1,False,False,False,2024-04-01,Monday
60744331,2024-04-01 10:27:40,2024-04-10 12:02:59,UNSANITARY CONDITION,Closed,217.59,9.07,True,1,False,False,False,2024-04-01,Monday
60744292,2024-04-01 10:27:39,2024-04-02 10:28:01,SAFETY,Closed,24.01,1.0,True,1,False,False,False,2024-04-01,Monday
60744352,2024-04-01 10:27:38,2024-04-02 10:28:01,SAFETY,Closed,24.01,1.0,True,2,True,False,False,2024-04-01,Monday
60741927,2024-04-01 10:27:38,2024-04-02 10:28:01,SAFETY,Closed,24.01,1.0,True,2,True,True,False,2024-04-01,Monday
60744161,2024-04-01 10:27:32,2024-04-01 21:28:32,HEAT/HOT WATER,Closed,11.02,0.46,True,1,False,False,False,2024-04-01,Monday
60746687,2024-04-01 10:27:32,2024-04-12 08:07:57,DOOR/WINDOW,Closed,261.67,10.9,True,1,False,False,False,2024-04-01,Monday
60743081,2024-04-01 10:24:54,2024-04-06 07:31:16,PAINT/PLASTER,Closed,117.11,4.88,True,1,False,False,False,2024-04-01,Monday
60744311,2024-04-01 10:24:54,2024-04-06 07:31:16,UNSANITARY CONDITION,Closed,117.11,4.88,True,1,False,False,False,2024-04-01,Monday
60743134,2024-04-01 10:24:42,2024-04-10 11:04:34,UNSANITARY CONDITION,Closed,216.66,9.03,True,1,False,False,False,2024-04-01,Monday
60745437,2024-04-01 10:24:42,2024-04-10 11:04:34,PLUMBING,Closed,216.66,9.03,True,2,True,False,False,2024-04-01,Monday
60741915,2024-04-01 10:24:42,2024-04-10 11:04:34,PLUMBING,Closed,216.66,9.03,True,2,True,True,False,2024-04-01,Monday
60740664,2024-04-01 10:21:32,2024-04-04 18:45:32,HEAT/HOT WATER,Closed,80.4,3.35,True,1,False,False,False,2024-04-01,Monday
60746497,2024-04-01 10:21:31,2024-04-02 19:35:31,HEAT/HOT WATER,Closed,33.23,1.38,True,1,False,False,False,2024-04-01,Monday
60745487,2024-04-01 10:21:31,2024-04-02 19:35:33,WATER LEAK,Closed,33.23,1.38,True,1,False,False,False,2024-04-01,Monday
60743004,2024-04-01 10:18:57,2024-04-01 20:48:06,HEAT/HOT WATER,Closed,10.49,0.44,True,1,False,False,False,2024-04-01,Monday
60745520,2024-04-01 10:18:38,2024-04-01 20:01:19,UNSANITARY CONDITION,Closed,9.71,0.4,True,1,False,False,False,2024-04-01,Monday
60742000,2024-04-01 10:18:38,2024-04-01 20:44:43,HEAT/HOT WATER,Closed,10.43,0.43,True,1,False,False,False,2024-04-01,Monday
60741999,2024-04-01 10:18:36,2024-04-01 20:58:44,HEAT/HOT WATER,Closed,10.67,0.44,True,1,False,False,False,2024-04-01,Monday
60744327,2024-04-01 10:18:34,2024-04-03 22:19:34,UNSANITARY CONDITION,Closed,60.02,2.5,True,2,True,False,False,2024-04-01,Monday
60749027,2024-04-01 10:18:34,2024-04-03 22:19:35,WATER LEAK,Closed,60.02,2.5,True,1,False,False,False,2024-04-01,Monday
60747801,2024-04-01 10:18:34,2024-04-03 22:19:34,UNSANITARY CONDITION,Closed,60.02,2.5,True,2,True,True,False,2024-04-01,Monday
60747738,2024-04-01 10:18:32,2024-04-02 07:09:37,HEAT/HOT WATER,Closed,20.85,0.87,True,1,False,False,False,2024-04-01,Monday
60741987,2024-04-01 10:18:30,2024-04-04 12:18:11,WATER LEAK,Closed,73.99,3.08,True,1,False,False,False,2024-04-01,Monday
60743118,2024-04-01 10:18:30,2024-04-04 12:18:11,UNSANITARY CONDITION,Closed,73.99,3.08,True,1,False,False,False,2024-04-01,Monday
60741903,2024-04-01 10:18:27,2024-04-02 19:32:03,PLUMBING,Closed,33.23,1.38,True,1,False,False,False,2024-04-01,Monday
60740706,2024-04-01 10:18:27,2024-04-02 19:32:03,PAINT/PLASTER,Closed,33.23,1.38,True,2,True,False,False,2024-04-01,Monday
60741924,2024-04-01 10:18:27,2024-04-05 19:52:45,PLUMBING,Closed,105.57,4.4,True,1,False,False,False,2024-04-01,Monday
60742982,2024-04-01 10:18:27,2024-04-02 20:11:41,HEAT/HOT WATER,Closed,33.89,1.41,True,1,False,False,False,2024-04-01,Monday
60746598,2024-04-01 10:18:27,2024-04-02 19:32:02,SAFETY,Closed,33.23,1.38,True,1,False,False,False,2024-04-01,Monday
60742955,2024-04-01 10:18:27,2024-04-02 19:32:02,FLOORING/STAIRS,Closed,33.23,1.38,True,1,False,False,False,2024-04-01,Monday
60748797,2024-04-01 10:18:27,2024-04-02 19:32:02,DOOR/WINDOW,Closed,33.23,1.38,True,1,False,False,False,2024-04-01,Monday
60749047,2024-04-01 10:18:27,2024-04-02 19:32:03,WATER LEAK,Closed,33.23,1.38,True,1,False,False,False,2024-04-01,Monday
60746569,2024-04-01 10:18:27,2024-04-02 19:32:03,PAINT/PLASTER,Closed,33.23,1.38,True,2,True,True,False,2024-04-01,Monday
60745429,2024-04-01 10:18:22,2024-05-16 07:03:58,PLUMBING,Closed,1076.76,44.86,True,1,False,False,True,2024-04-01,Monday
60742937,2024-04-01 10:16:17,2024-04-21 05:03:27,ELECTRIC,Closed,474.79,19.78,True,1,False,False,False,2024-04-01,Monday
60742985,2024-04-01 10:15:38,2024-04-03 17:52:19,HEAT/HOT WATER,Closed,55.61,2.32,True,1,False,False,False,2024-04-01,Monday
60742015,2024-04-01 10:15:38,2024-04-03 17:52:18,DOOR/WINDOW,Closed,55.61,2.32,True,1,False,False,False,2024-04-01,Monday
60744345,2024-04-01 10:15:38,2024-04-03 17:52:19,WATER LEAK,Closed,55.61,2.32,True,1,False,False,False,2024-04-01,Monday
60747710,2024-04-01 10:15:34,2024-04-02 11:50:42,HEAT/HOT WATER,Closed,25.59,1.07,True,1,False,False,False,2024-04-01,Monday
60747686,2024-04-01 10:15:28,2024-04-01 14:55:11,HEAT/HOT WATER,Closed,4.66,0.19,True,1,False,False,False,2024-04-01,Monday
60743116,2024-04-01 10:15:20,2024-04-22 13:03:28,UNSANITARY CONDITION,Closed,506.8,21.12,True,1,False,False,False,2024-04-01,Monday
60748972,2024-04-01 10:15:19,2024-05-16 07:03:58,PLUMBING,Closed,1076.81,44.87,True,1,False,False,True,2024-04-01,Monday
60746624,2024-04-01 10:15:17,2024-04-08 18:18:47,UNSANITARY CONDITION,Closed,176.06,7.34,True,1,False,False,False,2024-04-01,Monday
60743094,2024-04-01 10:12:48,2024-05-19 17:49:20,PLUMBING,Closed,1159.61,48.32,True,1,False,False,True,2024-04-01,Monday
60745274,2024-04-01 10:12:48,2024-05-19 17:49:20,DOOR/WINDOW,Closed,1159.61,48.32,True,1,False,False,True,2024-04-01,Monday
60750190,2024-04-02 10:58:23,2024-04-08 14:10:44,UNSANITARY CONDITION,Closed,147.21,6.13,True,2,True,False,False,2024-04-02,Tuesday
60757545,2024-04-02 10:58:23,2024-04-08 14:10:44,FLOORING/STAIRS,Closed,147.21,6.13,True,1,False,False,False,2024-04-02,Tuesday
60757517,2024-04-02 10:58:23,2024-04-09 09:52:18,APPLIANCE,Closed,166.9,6.95,True,1,False,False,False,2024-04-02,Tuesday
60750248,2024-04-02 10:58:23,2024-04-08 14:10:44,APPLIANCE,Closed,147.21,6.13,True,1,False,False,False,2024-04-02,Tuesday
60750201,2024-04-02 10:58:23,2024-04-08 14:10:44,UNSANITARY CONDITION,Closed,147.21,6.13,True,2,True,True,False,2024-04-02,Tuesday
60749984,2024-04-02 10:58:23,2024-04-08 14:10:44,ELECTRIC,Closed,147.21,6.13,True,1,False,False,False,2024-04-02,Tuesday
60750137,2024-04-02 10:58:22,2024-04-08 14:10:44,PAINT/PLASTER,Closed,147.21,6.13,True,1,False,False,False,2024-04-02,Tuesday
60753321,2024-04-02 10:58:22,2024-04-08 14:10:43,PAINT/PLASTER,Closed,147.21,6.13,True,1,False,False,False,2024-04-02,Tuesday
60755528,2024-04-02 10:58:22,2024-04-08 14:10:43,PLUMBING,Closed,147.21,6.13,True,1,False,False,False,2024-04-02,Tuesday
60749987,2024-04-02 10:57:32,2024-04-09 16:27:22,ELECTRIC,Closed,173.5,7.23,True,1,False,False,False,2024-04-02,Tuesday
60750135,2024-04-02 10:57:31,2024-04-05 20:49:43,PAINT/PLASTER,Closed,81.87,3.41,True,1,False,False,False,2024-04-02,Tuesday
60757764,2024-04-02 10:57:31,2024-04-05 20:49:43,WATER LEAK,Closed,81.87,3.41,True,1,False,False,False,2024-04-02,Tuesday
60755551,2024-04-02 10:57:31,2024-04-05 20:49:43,UNSANITARY CONDITION,Closed,81.87,3.41,True,1,False,False,False,2024-04-02,Tuesday
60754426,2024-04-02 10:57:31,2024-04-05 20:49:43,PLUMBING,Closed,81.87,3.41,True,1,False,False,False,2024-04-02,Tuesday
60752356,2024-04-02 10:57:30,2024-05-27 18:27:54,UNSANITARY CONDITION,Closed,1327.51,55.31,True,2,True,False,True,2024-04-02,Tuesday
60755579,2024-04-02 10:57:30,2024-05-27 18:27:54,UNSANITARY CONDITION,Closed,1327.51,55.31,True,2,True,True,True,2024-04-02,Tuesday
60751219,2024-04-02 10:57:30,2024-05-27 18:27:54,PAINT/PLASTER,Closed,1327.51,55.31,True,1,False,False,True,2024-04-02,Tuesday
60757663,2024-04-02 10:54:36,2024-04-04 20:20:42,HEAT/HOT WATER,Closed,57.44,2.39,True,1,False,False,False,2024-04-02,Tuesday
60756516,2024-04-02 10:54:31,2024-04-03 19:59:25,HEAT/HOT WATER,Closed,33.08,1.38,True,1,False,False,False,2024-04-02,Tuesday
60754264,2024-04-02 10:54:22,2024-04-07 13:09:10,FLOORING/STAIRS,Closed,122.25,5.09,True,1,False,False,False,2024-04-02,Tuesday
60752232,2024-04-02 10:54:02,2024-04-02 11:17:53,HEAT/HOT WATER,Closed,0.4,0.02,True,1,False,False,False,2024-04-02,Tuesday
60756471,2024-04-02 10:51:09,2024-07-31 20:48:36,GENERAL,Closed,2889.96,120.42,True,1,False,False,True,2024-04-02,Tuesday
60752366,2024-04-02 10:51:08,2024-04-11 15:14:54,UNSANITARY CONDITION,Closed,220.4,9.18,True,1,False,False,False,2024-04-02,Tuesday
60757779,2024-04-02 10:51:08,2024-04-11 15:14:54,APPLIANCE,Closed,220.4,9.18,True,1,False,False,False,2024-04-02,Tuesday
60751217,2024-04-02 10:51:08,2024-04-23 14:39:43,PAINT/PLASTER,Closed,507.81,21.16,True,1,False,False,False,2024-04-02,Tuesday
60753351,2024-04-02 10:51:08,2024-04-11 15:14:55,PLUMBING,Closed,220.4,9.18,True,1,False,False,False,2024-04-02,Tuesday
60753263,2024-04-02 10:51:05,2024-04-03 22:40:41,HEAT/HOT WATER,Closed,35.83,1.49,True,1,False,False,False,2024-04-02,Tuesday
60753420,2024-04-02 10:51:03,2024-04-12 20:23:16,WATER LEAK,Closed,249.54,10.4,True,1,False,False,False,2024-04-02,Tuesday
60755561,2024-04-02 10:51:03,2024-04-12 20:23:16,UNSANITARY CONDITION,Closed,249.54,10.4,True,1,False,False,False,2024-04-02,Tuesday
60755384,2024-04-02 10:47:57,2024-08-28 22:33:28,GENERAL,Closed,3563.76,148.49,True,1,False,False,True,2024-04-02,Tuesday
60755486,2024-04-02 10:47:48,2024-04-02 15:06:11,HEAT/HOT WATER,Closed,4.31,0.18,True,1,False,False,False,2024-04-02,Tuesday
60756601,2024-04-02 10:47:48,2024-04-03 18:19:37,PLUMBING,Closed,31.53,1.31,True,1,False,False,False,2024-04-02,Tuesday
60753406,2024-04-02 10:47:23,2024-05-09 07:00:55,UNSANITARY CONDITION,Closed,884.23,36.84,True,3,True,False,True,2024-04-02,Tuesday
60754398,2024-04-02 10:47:23,2024-05-24 06:51:30,PAINT/PLASTER,Closed,1244.07,51.84,True,1,False,False,True,2024-04-02,Tuesday
60757715,2024-04-02 10:47:23,2024-05-09 07:00:55,UNSANITARY CONDITION,Closed,884.23,36.84,True,3,True,True,True,2024-04-02,Tuesday
60754474,2024-04-02 10:47:23,2024-05-09 07:00:55,UNSANITARY CONDITION,Closed,884.23,36.84,True,3,True,True,True,2024-04-02,Tuesday
60757621,2024-04-02 10:47:21,2024-04-03 19:25:34,HEAT/HOT WATER,Closed,32.64,1.36,True,1,False,False,False,2024-04-02,Tuesday
60756490,2024-04-02 10:47:20,2024-04-04 20:17:00,HEAT/HOT WATER,Closed,57.49,2.4,True,1,False,False,False,2024-04-02,Tuesday
60752151,2024-04-02 10:47:18,2024-04-15 09:20:55,ELECTRIC,Closed,310.56,12.94,True,1,False,False,False,2024-04-02,Tuesday
60754284,2024-04-02 10:47:18,2024-04-03 22:41:45,HEAT/HOT WATER,Closed,35.91,1.5,True,1,False,False,False,2024-04-02,Tuesday
60757633,2024-04-02 10:47:16,2024-04-03 19:45:35,HEAT/HOT WATER,Closed,32.97,1.37,True,1,False,False,False,2024-04-02,Tuesday
60754462,2024-04-02 10:47:15,2024-04-03 19:52:39,UNSANITARY CONDITION,Closed,33.09,1.38,True,1,False,False,False,2024-04-02,Tuesday
60753221,2024-04-02 10:44:58,2024-04-18 07:07:45,ELEVATOR,Closed,380.38,15.85,True,1,False,False,False,2024-04-02,Tuesday
60751086,2024-04-02 10:44:47,2024-04-16 20:54:18,ELECTRIC,Closed,346.16,14.42,True,1,False,False,False,2024-04-02,Tuesday
60754383,2024-04-02 10:44:29,2024-04-03 19:04:10,HEAT/HOT WATER,Closed,32.33,1.35,True,1,False,False,False,2024-04-02,Tuesday
60752361,2024-04-02 10:44:28,2024-04-11 15:14:54,UNSANITARY CONDITION,Closed,220.51,9.19,True,1,False,False,False,2024-04-02,Tuesday
60756625,2024-04-02 10:44:08,2024-04-08 20:35:26,UNSANITARY CONDITION,Closed,153.85,6.41,True,1,False,False,False,2024-04-02,Tuesday
60754506,2024-04-02 10:43:52,2024-04-02 20:03:19,SAFETY,Closed,9.32,0.39,True,1,False,False,False,2024-04-02,Tuesday
60753372,2024-04-02 10:43:51,2024-04-08 14:06:07,UNSANITARY CONDITION,Closed,147.37,6.14,True,1,False,False,False,2024-04-02,Tuesday
60752142,2024-04-02 10:43:49,2024-04-22 08:06:52,DOOR/WINDOW,Closed,477.38,19.89,True,1,False,False,False,2024-04-02,Tuesday
60751270,2024-04-02 10:42:00,2024-04-09 13:54:18,UNSANITARY CONDITION,Closed,171.2,7.13,True,1,False,False,False,2024-04-02,Tuesday
60752187,2024-04-02 10:42:00,2024-04-09 13:54:18,GENERAL,Closed,171.2,7.13,True,1,False,False,False,2024-04-02,Tuesday
60757695,2024-04-02 10:42:00,2024-04-09 13:54:18,PLUMBING,Closed,171.2,7.13,True,1,False,False,False,2024-04-02,Tuesday
60756455,2024-04-02 10:42:00,2024-04-09 13:54:18,FLOORING/STAIRS,Closed,171.2,7.13,True,1,False,False,False,2024-04-02,Tuesday
60755538,2024-04-02 10:41:50,2024-04-03 14:11:52,PLUMBING,Closed,27.5,1.15,True,1,False,False,False,2024-04-02,Tuesday
60751132,2024-04-02 10:41:15,2024-04-03 15:41:30,HEAT/HOT WATER,Closed,29.0,1.21,True,1,False,False,False,2024-04-02,Tuesday
60751096,2024-04-02 10:41:05,2024-04-24 20:33:23,FLOORING/STAIRS,Closed,537.87,22.41,True,1,False,False,False,2024-04-02,Tuesday
60752367,2024-04-02 10:40:57,2024-04-04 17:36:24,UNSANITARY CONDITION,Closed,54.92,2.29,True,1,False,False,False,2024-04-02,Tuesday
60756450,2024-04-02 10:40:57,2024-04-04 17:36:24,ELECTRIC,Closed,54.92,2.29,True,1,False,False,False,2024-04-02,Tuesday
60753254,2024-04-02 10:40:54,2024-04-03 22:41:18,HEAT/HOT WATER,Closed,36.01,1.5,True,1,False,False,False,2024-04-02,Tuesday
60751113,2024-04-02 10:37:57,2024-04-11 15:14:54,GENERAL,Closed,220.62,9.19,True,1,False,False,False,2024-04-02,Tuesday
60755548,2024-04-02 10:37:57,2024-04-23 14:39:43,UNSANITARY CONDITION,Closed,508.03,21.17,True,1,False,False,False,2024-04-02,Tuesday
60752268,2024-04-02 10:37:56,2024-04-03 10:48:56,HEAT/HOT WATER,Closed,24.18,1.01,True,1,False,False,False,2024-04-02,Tuesday
60751294,2024-04-02 10:35:06,2024-07-04 16:42:04,UNSANITARY CONDITION,Closed,2238.12,93.26,True,1,False,False,True,2024-04-02,Tuesday
60756444,2024-04-02 10:35:01,2024-04-17 19:14:21,ELECTRIC,Closed,368.66,15.36,True,1,False,False,False,2024-04-02,Tuesday
60750195,2024-04-02 10:34:48,2024-04-08 13:27:09,UNSANITARY CONDITION,Closed,146.87,6.12,True,1,False,False,False,2024-04-02,Tuesday
60752237,2024-04-02 10:34:41,2024-04-03 20:07:56,HEAT/HOT WATER,Closed,33.55,1.4,True,1,False,False,False,2024-04-02,Tuesday
60754498,2024-04-02 10:34:33,2024-06-17 18:15:52,WATER LEAK,Closed,1831.69,76.32,True,1,False,False,True,2024-04-02,Tuesday
60752307,2024-04-02 10:31:50,2024-04-08 18:00:33,PAINT/PLASTER,Closed,151.48,6.31,True,1,False,False,False,2024-04-02,Tuesday
60749965,2024-04-02 10:31:50,2024-04-08 18:00:34,APPLIANCE,Closed,151.48,6.31,True,1,False,False,False,2024-04-02,Tuesday
60754259,2024-04-02 10:31:50,2024-04-08 18:00:33,FLOORING/STAIRS,Closed,151.48,6.31,True,1,False,False,False,2024-04-02,Tuesday
60754255,2024-04-02 10:31:50,2024-04-08 18:00:33,ELECTRIC,Closed,151.48,6.31,True,1,False,False,False,2024-04-02,Tuesday
60754423,2024-04-02 10:31:50,2024-04-08 18:00:33,PLUMBING,Closed,151.48,6.31,True,1,False,False,False,2024-04-02,Tuesday
60754252,2024-04-02 10:31:50,2024-04-08 18:00:34,ELECTRIC,Closed,151.48,6.31,True,1,False,False,False,2024-04-02,Tuesday
60755498,2024-04-02 10:31:50,2024-04-08 18:00:34,PAINT/PLASTER,Closed,151.48,6.31,True,1,False,False,False,2024-04-02,Tuesday
60757721,2024-04-02 10:31:29,2024-04-10 02:02:33,UNSANITARY CONDITION,Closed,183.52,7.65,True,1,False,False,False,2024-04-02,Tuesday
60751231,2024-04-02 10:31:26,2024-04-08 13:29:21,PAINT/PLASTER,Closed,146.97,6.12,True,1,False,False,False,2024-04-02,Tuesday
60754232,2024-04-02 10:31:26,2024-05-31 23:28:16,APPLIANCE,Closed,1428.95,59.54,True,1,False,False,True,2024-04-02,Tuesday
60752150,2024-04-02 10:31:18,2024-04-25 10:03:38,ELECTRIC,Closed,551.54,22.98,True,1,False,False,False,2024-04-02,Tuesday
60756466,2024-04-02 10:31:18,2024-04-25 10:03:37,GENERAL,Closed,551.54,22.98,True,1,False,False,False,2024-04-02,Tuesday
60755370,2024-04-02 10:31:18,2024-04-23 12:27:27,ELECTRIC,Closed,505.94,21.08,True,1,False,False,False,2024-04-02,Tuesday
60753268,2024-04-02 10:28:38,2024-04-02 10:54:14,HEAT/HOT WATER,Closed,0.43,0.02,True,1,False,False,False,2024-04-02,Tuesday
60751326,2024-04-02 10:28:12,2024-07-10 20:39:16,WATER LEAK,Closed,2386.18,99.42,True,1,False,False,True,2024-04-02,Tuesday
60751094,2024-04-02 10:28:05,2024-06-24 07:10:13,FLOORING/STAIRS,Closed,1988.7,82.86,True,4,True,False,True,2024-04-02,Tuesday
60751216,2024-04-02 10:28:05,2024-06-24 07:10:13,PAINT/PLASTER,Closed,1988.7,82.86,True,1,False,False,True,2024-04-02,Tuesday
60751228,2024-04-02 10:28:05,2024-06-24 07:10:12,PAINT/PLASTER,Closed,1988.7,82.86,True,2,True,False,True,2024-04-02,Tuesday
60753229,2024-04-02 10:28:05,2024-06-24 07:10:13,FLOORING/STAIRS,Closed,1988.7,82.86,True,4,True,True,True,2024-04-02,Tuesday
60752177,2024-04-02 10:28:05,2024-06-24 07:10:13,FLOORING/STAIRS,Closed,1988.7,82.86,True,4,True,True,True,2024-04-02,Tuesday
60751098,2024-04-02 10:28:05,2024-06-24 07:10:13,FLOORING/STAIRS,Closed,1988.7,82.86,True,4,True,True,True,2024-04-02,Tuesday
60754390,2024-04-02 10:28:05,2024-06-24 07:10:12,PAINT/PLASTER,Closed,1988.7,82.86,True,2,True,True,True,2024-04-02,Tuesday
60753391,2024-04-02 10:27:51,2024-05-02 10:39:27,UNSANITARY CONDITION,Closed,720.19,30.01,True,2,True,False,True,2024-04-02,Tuesday
60757751,2024-04-02 10:27:51,2024-05-02 10:39:27,UNSANITARY CONDITION,Closed,720.19,30.01,True,2,True,True,True,2024-04-02,Tuesday
60752222,2024-04-02 10:27:50,2024-04-03 11:46:15,HEAT/HOT WATER,Closed,25.31,1.05,True,1,False,False,False,2024-04-02,Tuesday
60753253,2024-04-02 10:27:49,2024-04-03 11:45:42,HEAT/HOT WATER,Closed,25.3,1.05,True,1,False,False,False,2024-04-02,Tuesday
60755523,2024-04-02 10:27:49,2024-04-08 15:26:41,PLUMBING,Closed,148.98,6.21,True,1,False,False,False,2024-04-02,Tuesday
60757722,2024-04-02 10:27:49,2024-04-08 15:26:41,UNSANITARY CONDITION,Closed,148.98,6.21,True,1,False,False,False,2024-04-02,Tuesday
60751321,2024-04-02 10:27:48,2024-05-03 07:06:54,WATER LEAK,Closed,740.65,30.86,True,1,False,False,True,2024-04-02,Tuesday
60754265,2024-04-02 10:27:48,2024-04-11 21:02:04,FLOORING/STAIRS,Closed,226.57,9.44,True,1,False,False,False,2024-04-02,Tuesday
60754512,2024-04-02 10:25:30,2024-04-03 20:40:08,APPLIANCE,Closed,34.24,1.43,True,1,False,False,False,2024-04-02,Tuesday
60754482,2024-04-02 10:25:15,2024-04-04 19:53:43,UNSANITARY CONDITION,Closed,57.47,2.39,True,1,False,False,False,2024-04-02,Tuesday
60753205,2024-04-02 10:25:14,2024-04-17 19:14:21,DOOR/WINDOW,Closed,368.82,15.37,True,1,False,False,False,2024-04-02,Tuesday
60752170,2024-04-02 10:24:56,2024-04-11 12:23:18,FLOORING/STAIRS,Closed,217.97,9.08,True,1,False,False,False,2024-04-02,Tuesday
60756587,2024-04-02 10:24:54,2024-04-03 20:40:08,PLUMBING,Closed,34.25,1.43,True,1,False,False,False,2024-04-02,Tuesday
60752175,2024-04-02 10:24:44,2024-06-20 07:01:17,FLOORING/STAIRS,Closed,1892.61,78.86,True,1,False,False,True,2024-04-02,Tuesday
60754391,2024-04-02 10:24:44,2024-06-20 07:01:16,PAINT/PLASTER,Closed,1892.61,78.86,True,1,False,False,True,2024-04-02,Tuesday
60751065,2024-04-02 10:24:44,2024-06-20 07:01:17,APPLIANCE,Closed,1892.61,78.86,True,1,False,False,True,2024-04-02,Tuesday
60754501,2024-04-02 10:24:44,2024-06-20 07:01:17,WATER LEAK,Closed,1892.61,78.86,True,1,False,False,True,2024-04-02,Tuesday
60756577,2024-04-02 10:24:42,2024-08-16 08:24:32,PAINT/PLASTER,Closed,3262.0,135.92,True,1,False,False,True,2024-04-02,Tuesday
60750176,2024-04-02 10:24:35,2024-04-09 14:32:43,UNSANITARY CONDITION,Closed,172.14,7.17,True,2,True,False,False,2024-04-02,Tuesday
60751302,2024-04-02 10:24:35,2024-04-09 14:32:44,UNSANITARY CONDITION,Closed,172.14,7.17,True,1,False,False,False,2024-04-02,Tuesday
60752293,2024-04-02 10:24:35,2024-04-09 14:32:43,PAINT/PLASTER,Closed,172.14,7.17,True,1,False,False,False,2024-04-02,Tuesday
60752357,2024-04-02 10:24:35,2024-04-09 14:32:43,UNSANITARY CONDITION,Closed,172.14,7.17,True,2,True,True,False,2024-04-02,Tuesday
60757564,2024-04-02 10:24:35,2024-04-09 14:32:43,GENERAL,Closed,172.14,7.17,True,1,False,False,False,2024-04-02,Tuesday
60755520,2024-04-02 10:24:35,2024-04-09 14:32:43,PLUMBING,Closed,172.14,7.17,True,1,False,False,False,2024-04-02,Tuesday
60752171,2024-04-02 10:21:42,2024-04-11 21:19:00,FLOORING/STAIRS,Closed,226.96,9.46,True,1,False,False,False,2024-04-02,Tuesday
60751236,2024-04-02 10:21:42,2024-04-11 21:19:00,PLUMBING,Closed,226.96,9.46,True,1,False,False,False,2024-04-02,Tuesday
60753198,2024-04-02 10:21:42,2024-04-20 12:48:42,APPLIANCE,Closed,434.45,18.1,True,1,False,False,False,2024-04-02,Tuesday
60757559,2024-04-02 10:21:42,2024-04-11 21:19:00,GENERAL,Closed,226.96,9.46,True,2,True,False,False,2024-04-02,Tuesday
60756494,2024-04-02 10:21:42,2024-04-05 07:05:49,HEAT/HOT WATER,Closed,68.74,2.86,True,1,False,False,False,2024-04-02,Tuesday
60755391,2024-04-02 10:21:42,2024-04-11 21:19:00,GENERAL,Closed,226.96,9.46,True,2,True,True,False,2024-04-02,Tuesday
60751067,2024-04-02 10:21:39,2024-04-03 19:20:11,DOOR/WINDOW,Closed,32.98,1.37,True,1,False,False,False,2024-04-02,Tuesday
60750001,2024-04-02 10:21:39,2024-04-03 19:20:11,FLOORING/STAIRS,Closed,32.98,1.37,True,3,True,False,False,2024-04-02,Tuesday
60749999,2024-04-02 10:21:39,2024-04-03 19:20:11,FLOORING/STAIRS,Closed,32.98,1.37,True,3,True,True,False,2024-04-02,Tuesday
60754261,2024-04-02 10:21:39,2024-04-03 19:20:11,FLOORING/STAIRS,Closed,32.98,1.37,True,3,True,True,False,2024-04-02,Tuesday
60756585,2024-04-02 10:21:38,2024-04-03 19:20:11,PLUMBING,Closed,32.98,1.37,True,1,False,False,False,2024-04-02,Tuesday
60755563,2024-04-02 10:21:38,2024-04-03 19:20:11,UNSANITARY CONDITION,Closed,32.98,1.37,True,1,False,False,False,2024-04-02,Tuesday
60756562,2024-04-02 10:21:37,2024-05-02 15:09:43,PAINT/PLASTER,Closed,724.8,30.2,True,2,True,False,True,2024-04-02,Tuesday
60754450,2024-04-02 10:21:37,2024-05-03 12:17:51,SAFETY,Closed,745.94,31.08,True,1,False,False,True,2024-04-02,Tuesday
60754502,2024-04-02 10:21:37,2024-05-02 15:09:43,PAINT/PLASTER,Closed,724.8,30.2,True,2,True,True,True,2024-04-02,Tuesday
60756631,2024-04-02 10:21:36,2024-05-03 12:17:50,UNSANITARY CONDITION,Closed,745.94,31.08,True,1,False,False,True,2024-04-02,Tuesday
60749978,2024-04-02 10:21:36,2024-05-02 15:09:43,DOOR/WINDOW,Closed,724.8,30.2,True,1,False,False,True,2024-04-02,Tuesday
60757526,2024-04-02 10:21:36,2024-05-03 12:17:50,DOOR/WINDOW,Closed,745.94,31.08,True,1,False,False,True,2024-04-02,Tuesday
60756419,2024-04-02 10:21:36,2024-05-03 12:17:50,APPLIANCE,Closed,745.94,31.08,True,1,False,False,True,2024-04-02,Tuesday
60754432,2024-04-02 10:21:36,2024-05-03 12:17:50,PLUMBING,Closed,745.94,31.08,True,1,False,False,True,2024-04-02,Tuesday
60753358,2024-04-02 10:21:34,2024-04-25 13:47:18,PLUMBING,Closed,555.43,23.14,True,1,False,False,False,2024-04-02,Tuesday
60758896,2024-04-03 10:58:52,2024-05-22 20:02:22,UNSANITARY CONDITION,Closed,1185.06,49.38,True,1,False,False,True,2024-04-03,Wednesday
60767643,2024-04-03 10:58:50,2024-04-04 16:29:58,HEAT/HOT WATER,Closed,29.52,1.23,True,1,False,False,False,2024-04-03,Wednesday
60758788,2024-04-03 10:57:58,2024-04-04 22:00:21,HEAT/HOT WATER,Closed,35.04,1.46,True,1,False,False,False,2024-04-03,Wednesday
60762817,2024-04-03 10:57:17,2024-04-03 19:45:35,ELECTRIC,Closed,8.8,0.37,True,1,False,False,False,2024-04-03,Wednesday
60765241,2024-04-03 10:56:59,2024-04-04 17:15:35,UNSANITARY CONDITION,Closed,30.31,1.26,True,1,False,False,False,2024-04-03,Wednesday
60767637,2024-04-03 10:56:59,2024-04-04 17:15:35,HEAT/HOT WATER,Closed,30.31,1.26,True,1,False,False,False,2024-04-03,Wednesday
60760229,2024-04-03 10:55:58,2024-04-22 08:06:49,WATER LEAK,Closed,453.18,18.88,True,1,False,False,False,2024-04-03,Wednesday
60766267,2024-04-03 10:55:56,2024-08-30 23:26:06,GENERAL,Closed,3588.5,149.52,True,1,False,False,True,2024-04-03,Wednesday
60766380,2024-04-03 10:55:53,2024-04-03 11:59:50,HEAT/HOT WATER,Closed,1.07,0.04,True,1,False,False,False,2024-04-03,Wednesday
60763776,2024-04-03 10:55:26,2024-04-03 22:16:34,HEAT/HOT WATER,Closed,11.35,0.47,True,1,False,False,False,2024-04-03,Wednesday
60765073,2024-04-03 10:55:24,2024-04-03 19:12:02,HEAT/HOT WATER,Closed,8.28,0.34,True,1,False,False,False,2024-04-03,Wednesday
60758681,2024-04-03 10:53:38,2024-05-02 08:42:51,GENERAL,Closed,693.82,28.91,True,1,False,False,False,2024-04-03,Wednesday
60762687,2024-04-03 10:53:37,2024-04-13 14:40:10,UNSANITARY CONDITION,Closed,243.78,10.16,True,2,True,False,False,2024-04-03,Wednesday
60760163,2024-04-03 10:53:37,2024-04-13 14:40:10,UNSANITARY CONDITION,Closed,243.78,10.16,True,2,True,True,False,2024-04-03,Wednesday
60762692,2024-04-03 10:53:35,2024-04-10 02:02:33,UNSANITARY CONDITION,Closed,159.15,6.63,True,1,False,False,False,2024-04-03,Wednesday
60767891,2024-04-03 10:53:26,2024-05-28 07:49:12,APPLIANCE,Closed,1316.93,54.87,True,1,False,False,True,2024-04-03,Wednesday
60765134,2024-04-03 10:52:59,2024-04-04 23:23:54,HEAT/HOT WATER,Closed,36.52,1.52,True,1,False,False,False,2024-04-03,Wednesday
60763852,2024-04-03 10:52:57,2024-04-03 16:26:26,HEAT/HOT WATER,Closed,5.56,0.23,True,1,False,False,False,2024-04-03,Wednesday
60765052,2024-04-03 10:52:52,2024-04-05 16:36:01,HEAT/HOT WATER,Closed,53.72,2.24,True,1,False,False,False,2024-04-03,Wednesday
60760125,2024-04-03 10:52:51,2024-04-22 08:06:53,PAINT/PLASTER,Closed,453.23,18.88,True,2,True,False,False,2024-04-03,Wednesday
60763897,2024-04-03 10:52:51,2024-04-22 08:06:53,PAINT/PLASTER,Closed,453.23,18.88,True,2,True,True,False,2024-04-03,Wednesday
60765337,2024-04-03 10:52:51,2024-04-22 08:06:53,WATER LEAK,Closed,453.23,18.88,True,1,False,False,False,2024-04-03,Wednesday
60766352,2024-04-03 10:52:47,2024-04-04 16:43:43,HEAT/HOT WATER,Closed,29.85,1.24,True,1,False,False,False,2024-04-03,Wednesday
60761452,2024-04-03 10:52:34,2024-04-05 16:33:09,UNSANITARY CONDITION,Closed,53.68,2.24,True,1,False,False,False,2024-04-03,Wednesday
60762631,2024-04-03 10:52:34,2024-04-05 16:33:10,PAINT/PLASTER,Closed,53.68,2.24,True,1,False,False,False,2024-04-03,Wednesday
60761424,2024-04-03 10:52:34,2024-04-05 16:33:10,UNSANITARY CONDITION,Closed,53.68,2.24,True,1,False,False,False,2024-04-03,Wednesday
60760309,2024-04-03 10:52:34,2024-04-05 16:33:10,APPLIANCE,Closed,53.68,2.24,True,1,False,False,False,2024-04-03,Wednesday
60762735,2024-04-03 10:52:34,2024-04-05 16:33:10,WATER LEAK,Closed,53.68,2.24,True,1,False,False,False,2024-04-03,Wednesday
60767522,2024-04-03 10:52:34,2024-04-05 16:33:10,GENERAL,Closed,53.68,2.24,True,1,False,False,False,2024-04-03,Wednesday
60764976,2024-04-03 10:52:34,2024-04-05 08:11:28,ELECTRIC,Closed,45.32,1.89,True,1,False,False,False,2024-04-03,Wednesday
60763949,2024-04-03 10:52:34,2024-04-05 16:33:10,PLUMBING,Closed,53.68,2.24,True,1,False,False,False,2024-04-03,Wednesday
60765046,2024-04-03 10:52:14,2024-04-05 19:38:42,HEAT/HOT WATER,Closed,56.77,2.37,True,1,False,False,False,2024-04-03,Wednesday
60761314,2024-04-03 10:51:20,2024-04-05 13:03:39,HEAT/HOT WATER,Closed,50.21,2.09,True,1,False,False,False,2024-04-03,Wednesday
60761283,2024-04-03 10:50:08,2024-04-03 18:31:34,HEAT/HOT WATER,Closed,7.69,0.32,True,1,False,False,False,2024-04-03,Wednesday
60758611,2024-04-03 10:50:07,2024-05-17 05:03:11,APPLIANCE,Closed,1050.22,43.76,True,2,True,False,True,2024-04-03,Wednesday
60767459,2024-04-03 10:50:07,2024-05-17 05:03:11,APPLIANCE,Closed,1050.22,43.76,True,2,True,True,True,2024-04-03,Wednesday
60766572,2024-04-03 10:50:03,2024-05-18 23:33:38,WATER LEAK,Closed,1092.73,45.53,True,1,False,False,True,2024-04-03,Wednesday
60763921,2024-04-03 10:50:03,2024-05-18 23:33:38,PAINT/PLASTER,Closed,1092.73,45.53,True,1,False,False,True,2024-04-03,Wednesday
60758819,2024-04-03 10:49:56,2024-04-04 23:20:34,HEAT/HOT WATER,Closed,36.51,1.52,True,1,False,False,False,2024-04-03,Wednesday
60758859,2024-04-03 10:49:50,2024-04-16 20:18:12,PAINT/PLASTER,Closed,321.47,13.39,True,2,True,False,False,2024-04-03,Wednesday
60762686,2024-04-03 10:49:50,2024-04-16 20:18:12,UNSANITARY CONDITION,Closed,321.47,13.39,True,1,False,False,False,2024-04-03,Wednesday
60767670,2024-04-03 10:49:50,2024-04-16 20:18:12,PAINT/PLASTER,Closed,321.47,13.39,True,2,True,True,False,2024-04-03,Wednesday
60761428,2024-04-03 10:49:27,2024-04-12 17:54:26,UNSANITARY CONDITION,Closed,223.08,9.3,True,2,True,False,False,2024-04-03,Wednesday
60762627,2024-04-03 10:49:27,2024-04-12 17:54:26,PAINT/PLASTER,Closed,223.08,9.3,True,1,False,False,False,2024-04-03,Wednesday
60765280,2024-04-03 10:49:27,2024-04-12 17:54:26,UNSANITARY CONDITION,Closed,223.08,9.3,True,2,True,True,False,2024-04-03,Wednesday
60767807,2024-04-03 10:49:27,2024-04-12 17:54:26,WATER LEAK,Closed,223.08,9.3,True,1,False,False,False,2024-04-03,Wednesday
60763695,2024-04-03 10:49:27,2024-04-12 17:54:26,FLOORING/STAIRS,Closed,223.08,9.3,True,1,False,False,False,2024-04-03,Wednesday
60760151,2024-04-03 10:49:07,2024-04-15 14:17:34,PLUMBING,Closed,291.47,12.14,True,1,False,False,False,2024-04-03,Wednesday
60759031,2024-04-03 10:49:07,2024-04-03 19:54:47,UNSANITARY CONDITION,Closed,9.09,0.38,True,2,True,False,False,2024-04-03,Wednesday
60764962,2024-04-03 10:49:07,2024-04-03 19:54:47,ELECTRIC,Closed,9.09,0.38,True,1,False,False,False,2024-04-03,Wednesday
60766282,2024-04-03 10:49:07,2024-04-03 19:54:46,HEAT/HOT WATER,Closed,9.09,0.38,True,1,False,False,False,2024-04-03,Wednesday
60762792,2024-04-03 10:49:07,2024-04-04 09:31:39,WATER LEAK,Closed,22.71,0.95,True,1,False,False,False,2024-04-03,Wednesday
60762826,2024-04-03 10:49:07,2024-04-03 19:54:47,UNSANITARY CONDITION,Closed,9.09,0.38,True,2,True,True,False,2024-04-03,Wednesday
60767865,2024-04-03 10:49:06,2024-04-04 09:38:30,WATER LEAK,Closed,22.82,0.95,True,1,False,False,False,2024-04-03,Wednesday
60762489,2024-04-03 10:49:06,2024-04-03 18:57:34,HEAT/HOT WATER,Closed,8.14,0.34,True,1,False,False,False,2024-04-03,Wednesday
60764959,2024-04-03 10:49:05,2024-04-23 18:17:01,DOOR/WINDOW,Closed,487.47,20.31,True,1,False,False,False,2024-04-03,Wednesday
60767487,2024-04-03 10:49:05,2024-04-23 18:17:01,ELECTRIC,Closed,487.47,20.31,True,2,True,False,False,2024-04-03,Wednesday
60762457,2024-04-03 10:49:05,2024-04-23 18:17:01,ELECTRIC,Closed,487.47,20.31,True,2,True,True,False,2024-04-03,Wednesday
60762683,2024-04-03 10:49:05,2024-04-23 18:17:01,SAFETY,Closed,487.47,20.31,True,1,False,False,False,2024-04-03,Wednesday
60764032,2024-04-03 10:47:15,2024-05-05 17:12:48,WATER LEAK,Closed,774.43,32.27,True,1,False,False,True,2024-04-03,Wednesday
60765221,2024-04-03 10:47:15,2024-05-05 17:12:48,PLUMBING,Closed,774.43,32.27,True,1,False,False,True,2024-04-03,Wednesday
60767502,2024-04-03 10:47:15,2024-05-05 17:12:48,FLOORING/STAIRS,Closed,774.43,32.27,True,1,False,False,True,2024-04-03,Wednesday
60766442,2024-04-03 10:47:15,2024-05-05 18:04:16,PAINT/PLASTER,Closed,775.28,32.3,True,1,False,False,True,2024-04-03,Wednesday
60758909,2024-04-03 10:47:08,2024-04-13 16:05:12,UNSANITARY CONDITION,Closed,245.3,10.22,True,1,False,False,False,2024-04-03,Wednesday
60759049,2024-04-03 10:47:08,2024-04-13 16:05:12,APPLIANCE,Closed,245.3,10.22,True,1,False,False,False,2024-04-03,Wednesday
60764993,2024-04-03 10:47:08,2024-04-13 16:05:12,FLOORING/STAIRS,Closed,245.3,10.22,True,1,False,False,False,2024-04-03,Wednesday
60765030,2024-04-03 10:47:08,2024-04-04 18:58:38,HEAT/HOT WATER,Closed,32.19,1.34,True,1,False,False,False,2024-04-03,Wednesday
60767883,2024-04-03 10:47:08,2024-04-13 16:05:12,DOOR/WINDOW,Closed,245.3,10.22,True,1,False,False,False,2024-04-03,Wednesday
60762795,2024-04-03 10:47:08,2024-04-13 02:03:57,WATER LEAK,Closed,231.28,9.64,True,1,False,False,False,2024-04-03,Wednesday
60762769,2024-04-03 10:47:08,2024-04-13 16:05:12,WATER LEAK,Closed,245.3,10.22,True,1,False,False,False,2024-04-03,Wednesday
60765372,2024-04-03 10:47:06,2024-04-18 07:07:43,PLUMBING,Closed,356.34,14.85,True,2,True,False,False,2024-04-03,Wednesday
60763941,2024-04-03 10:47:06,2024-04-18 07:07:43,PLUMBING,Closed,356.34,14.85,True,2,True,True,False,2024-04-03,Wednesday
60758798,2024-04-03 10:46:22,2024-04-03 18:19:38,HEAT/HOT WATER,Closed,7.55,0.31,True,1,False,False,False,2024-04-03,Wednesday
60760081,2024-04-03 10:46:22,2024-04-04 13:07:37,HEAT/HOT WATER,Closed,26.35,1.1,True,1,False,False,False,2024-04-03,Wednesday
60767620,2024-04-03 10:46:21,2024-04-03 16:47:11,HEAT/HOT WATER,Closed,6.01,0.25,True,1,False,False,False,2024-04-03,Wednesday
60767622,2024-04-03 10:46:15,2024-04-03 19:47:15,HEAT/HOT WATER,Closed,9.02,0.38,True,1,False,False,False,2024-04-03,Wednesday
60766504,2024-04-03 10:45:58,2024-04-11 02:05:20,UNSANITARY CONDITION,Closed,183.32,7.64,True,1,False,False,False,2024-04-03,Wednesday
60765301,2024-04-03 10:45:58,2024-04-11 02:05:20,WATER LEAK,Closed,183.32,7.64,True,1,False,False,False,2024-04-03,Wednesday
60764022,2024-04-03 10:45:53,2024-04-16 20:52:03,WATER LEAK,Closed,322.1,13.42,True,1,False,False,False,2024-04-03,Wednesday
60764091,2024-04-03 10:45:32,2024-04-03 21:00:52,HEAT/HOT WATER,Closed,10.26,0.43,True,1,False,False,False,2024-04-03,Wednesday
60766270,2024-04-03 10:45:32,2024-04-04 09:44:38,GENERAL,Closed,22.98,0.96,True,1,False,False,False,2024-04-03,Wednesday
60767687,2024-04-03 10:45:32,2024-04-04 09:44:39,PAINT/PLASTER,Closed,22.99,0.96,True,1,False,False,False,2024-04-03,Wednesday
60762721,2024-04-03 10:45:32,2024-04-04 09:44:39,UNSANITARY CONDITION,Closed,22.99,0.96,True,1,False,False,False,2024-04-03,Wednesday
60759979,2024-04-03 10:45:29,2024-04-04 13:07:28,HEAT/HOT WATER,Closed,26.37,1.1,True,1,False,False,False,2024-04-03,Wednesday
60765144,2024-04-03 10:43:04,2024-04-05 20:40:00,HEAT/HOT WATER,Closed,57.95,2.41,True,1,False,False,False,2024-04-03,Wednesday
60762524,2024-04-03 10:42:58,2024-04-04 20:25:35,HEAT/HOT WATER,Closed,33.71,1.4,True,1,False,False,False,2024-04-03,Wednesday
60759036,2024-04-03 10:42:54,2024-04-19 11:12:17,DOOR/WINDOW,Closed,384.49,16.02,True,1,False,False,False,2024-04-03,Wednesday
60767825,2024-04-03 10:42:54,2024-04-19 11:12:17,WATER LEAK,Closed,384.49,16.02,True,1,False,False,False,2024-04-03,Wednesday
60760191,2024-04-03 10:42:35,2024-04-08 11:29:31,UNSANITARY CONDITION,Closed,120.78,5.03,True,1,False,False,False,2024-04-03,Wednesday
60766225,2024-04-03 10:42:35,2024-04-08 11:29:30,DOOR/WINDOW,Closed,120.78,5.03,True,1,False,False,False,2024-04-03,Wednesday
60763697,2024-04-03 10:42:35,2024-04-08 11:29:27,FLOORING/STAIRS,Closed,120.78,5.03,True,1,False,False,False,2024-04-03,Wednesday
60765324,2024-04-03 10:42:35,2024-04-08 11:29:30,WATER LEAK,Closed,120.78,5.03,True,1,False,False,False,2024-04-03,Wednesday
60767860,2024-04-03 10:42:35,2024-04-08 11:29:27,WATER LEAK,Closed,120.78,5.03,True,1,False,False,False,2024-04-03,Wednesday
60766446,2024-04-03 10:42:35,2024-04-08 11:29:31,PAINT/PLASTER,Closed,120.78,5.03,True,1,False,False,False,2024-04-03,Wednesday
60767658,2024-04-03 10:42:35,2024-04-08 11:29:29,PAINT/PLASTER,Closed,120.78,5.03,True,1,False,False,False,2024-04-03,Wednesday
60767618,2024-04-03 10:42:26,2024-04-03 15:25:27,HEAT/HOT WATER,Closed,4.72,0.2,True,1,False,False,False,2024-04-03,Wednesday
60761405,2024-04-03 10:42:17,2024-04-22 21:57:23,PLUMBING,Closed,467.25,19.47,True,1,False,False,False,2024-04-03,Wednesday
60762618,2024-04-03 10:42:15,2024-05-16 19:20:29,PAINT/PLASTER,Closed,1040.64,43.36,True,1,False,False,True,2024-04-03,Wednesday
60767698,2024-04-03 10:42:15,2024-05-11 14:05:51,PAINT/PLASTER,Closed,915.39,38.14,True,1,False,False,True,2024-04-03,Wednesday
60767731,2024-04-03 10:42:15,2024-05-11 14:05:51,UNSANITARY CONDITION,Closed,915.39,38.14,True,1,False,False,True,2024-04-03,Wednesday
60762689,2024-04-03 10:42:13,2024-04-06 18:04:29,UNSANITARY CONDITION,Closed,79.37,3.31,True,1,False,False,False,2024-04-03,Wednesday
60761327,2024-04-03 10:42:01,2024-04-03 19:36:02,HEAT/HOT WATER,Closed,8.9,0.37,True,1,False,False,False,2024-04-03,Wednesday
60761200,2024-04-03 10:41:59,2024-06-10 21:02:21,ELECTRIC,Closed,1642.34,68.43,True,1,False,False,True,2024-04-03,Wednesday
60758614,2024-04-03 10:41:59,2024-06-10 21:02:20,DOOR/WINDOW,Closed,1642.34,68.43,True,1,False,False,True,2024-04-03,Wednesday
60759892,2024-04-03 10:41:59,2024-06-10 21:02:21,APPLIANCE,Closed,1642.34,68.43,True,1,False,False,True,2024-04-03,Wednesday
60762621,2024-04-03 10:41:59,2024-07-11 11:49:43,PAINT/PLASTER,Closed,2377.13,99.05,True,1,False,False,True,2024-04-03,Wednesday
60762772,2024-04-03 10:41:58,2024-06-13 06:49:05,WATER LEAK,Closed,1700.12,70.84,True,1,False,False,True,2024-04-03,Wednesday
60760164,2024-04-03 10:39:35,2024-04-13 14:40:10,UNSANITARY CONDITION,Closed,244.01,10.17,True,1,False,False,False,2024-04-03,Wednesday
60763854,2024-04-03 10:38:59,2024-04-03 12:04:11,HEAT/HOT WATER,Closed,1.42,0.06,True,1,False,False,False,2024-04-03,Wednesday
60765410,2024-04-03 10:38:58,2024-04-03 10:38:58,GENERAL,Closed,0.0,0.0,True,1,False,False,False,2024-04-03,Wednesday
60763975,2024-04-03 10:36:25,2024-04-07 17:47:45,UNSANITARY CONDITION,Closed,103.19,4.3,True,1,False,False,False,2024-04-03,Wednesday
60763993,2024-04-03 10:36:25,2024-04-07 17:47:44,UNSANITARY CONDITION,Closed,103.19,4.3,True,1,False,False,False,2024-04-03,Wednesday
60766255,2024-04-03 10:36:25,2024-04-07 17:47:44,FLOORING/STAIRS,Closed,103.19,4.3,True,1,False,False,False,2024-04-03,Wednesday
60760279,2024-04-03 10:36:20,2024-06-10 07:24:29,PAINT/PLASTER,Closed,1628.8,67.87,True,1,False,False,True,2024-04-03,Wednesday
60758946,2024-04-03 10:36:20,2024-06-10 07:24:29,WATER LEAK,Closed,1628.8,67.87,True,1,False,False,True,2024-04-03,Wednesday
60767484,2024-04-03 10:36:20,2024-06-10 07:24:29,DOOR/WINDOW,Closed,1628.8,67.87,True,1,False,False,True,2024-04-03,Wednesday
60764980,2024-04-03 10:36:17,2024-06-10 20:06:49,ELECTRIC,Closed,1641.51,68.4,True,1,False,False,True,2024-04-03,Wednesday
60759896,2024-04-03 10:36:16,2024-05-01 20:46:27,DOOR/WINDOW,Closed,682.17,28.42,True,1,False,False,False,2024-04-03,Wednesday
60758929,2024-04-03 10:36:16,2024-05-01 20:46:27,UNSANITARY CONDITION,Closed,682.17,28.42,True,2,True,False,False,2024-04-03,Wednesday
60758935,2024-04-03 10:36:16,2024-05-01 20:46:27,UNSANITARY CONDITION,Closed,682.17,28.42,True,2,True,True,False,2024-04-03,Wednesday
60761407,2024-04-03 10:35:55,2024-04-06 16:47:53,PLUMBING,Closed,78.2,3.26,True,1,False,False,False,2024-04-03,Wednesday
60762831,2024-04-03 10:35:54,2024-04-17 18:59:34,DOOR/WINDOW,Closed,344.39,14.35,True,1,False,False,False,2024-04-03,Wednesday
60761206,2024-04-03 10:35:54,2024-04-22 09:59:12,FLOORING/STAIRS,Closed,455.39,18.97,True,1,False,False,False,2024-04-03,Wednesday
60761440,2024-04-03 10:35:54,2024-04-17 18:59:33,UNSANITARY CONDITION,Closed,344.39,14.35,True,1,False,False,False,2024-04-03,Wednesday
60762441,2024-04-03 10:35:54,2024-04-18 11:24:37,DOOR/WINDOW,Closed,360.81,15.03,True,1,False,False,False,2024-04-03,Wednesday
60767696,2024-04-03 10:35:54,2024-04-17 18:59:35,PAINT/PLASTER,Closed,344.39,14.35,True,1,False,False,False,2024-04-03,Wednesday
60766246,2024-04-03 10:35:54,2024-04-17 18:59:33,ELECTRIC,Closed,344.39,14.35,True,1,False,False,False,2024-04-03,Wednesday
60767511,2024-04-03 10:35:54,2024-04-17 18:59:34,GENERAL,Closed,344.39,14.35,True,1,False,False,False,2024-04-03,Wednesday
60762741,2024-04-03 10:35:54,2024-04-17 18:59:34,WATER LEAK,Closed,344.39,14.35,True,1,False,False,False,2024-04-03,Wednesday
60767523,2024-04-03 10:35:54,2024-04-25 09:09:40,GENERAL,Closed,526.56,21.94,True,1,False,False,False,2024-04-03,Wednesday
60762822,2024-04-03 10:34:39,2024-04-03 20:59:42,HEAT/HOT WATER,Closed,10.42,0.43,True,1,False,False,False,2024-04-03,Wednesday
60762678,2024-04-03 10:32:59,2024-04-22 08:06:49,SAFETY,Closed,453.56,18.9,True,1,False,False,False,2024-04-03,Wednesday
60759944,2024-04-03 10:32:59,2024-04-22 08:06:49,FLOORING/STAIRS,Closed,453.56,18.9,True,1,False,False,False,2024-04-03,Wednesday
60761223,2024-04-03 10:32:59,2024-04-08 13:48:05,GENERAL,Closed,123.25,5.14,True,1,False,False,False,2024-04-03,Wednesday
60765386,2024-04-03 10:32:59,2024-04-22 08:06:49,DOOR/WINDOW,Closed,453.56,18.9,True,1,False,False,False,2024-04-03,Wednesday
